student_id,module_id,grades
S0000000001,M00001,75
S0000000002,M00013,90
S0000000003,M00025,58
S0000000004,M00038,92
S0000000005,M00053,82
S0000000006,M00068,49
S0000000007,M00083,65
S0000000008,M00098,73
S0000000009,M00113,99
S0000000010,M00001,89
S0000000011,M00013,76
S0000000012,M00025,87
S0000000013,M00038,47
S0000000014,M00053,59
S0000000015,M00068,85
S0000000016,M00083,72
S0000000017,M00098,74
S0000000018,M00113,97
S0000000019,M00001,54
S0000000020,M00013,68
S0000000021,M00025,61
S0000000022,M00038,71
S0000000023,M00053,94
S0000000024,M00068,79
S0000000025,M00083,88
S0000000026,M00098,98
S0000000027,M00113,69
S0000000028,M00001,84
S0000000029,M00013,76
S0000000030,M00025,40
S0000000031,M00038,94
S0000000032,M00053,57
S0000000033,M00068,87
S0000000034,M00083,67
S0000000035,M00098,56
S0000000036,M00113,55
S0000000037,M00001,75
S0000000038,M00013,50
S0000000039,M00025,94
S0000000040,M00038,93
S0000000041,M00053,62
S0000000042,M00068,86
S0000000043,M00083,99
S0000000044,M00098,90
S0000000045,M00113,45
S0000000046,M00001,77
S0000000047,M00013,95
S0000000048,M00025,96
S0000000049,M00038,64
S0000000050,M00053,95
S0000000051,M00068,81
S0000000052,M00083,50
S0000000053,M00098,83
S0000000054,M00113,85
S0000000055,M00001,92
S0000000056,M00013,63
S0000000057,M00025,61
S0000000058,M00038,91
S0000000059,M00053,60
S0000000060,M00068,96
S0000000061,M00083,90
S0000000062,M00098,45
S0000000063,M00113,58
S0000000064,M00001,62
S0000000065,M00013,98
S0000000066,M00025,55
S0000000067,M00038,87
S0000000068,M00053,83
S0000000069,M00068,90
S0000000070,M00083,65
S0000000071,M00098,50
S0000000072,M00113,69
S0000000073,M00001,48
S0000000074,M00013,76
S0000000075,M00025,93
S0000000076,M00038,74
S0000000077,M00053,81
S0000000078,M00068,67
S0000000079,M00083,99
S0000000080,M00098,69
S0000000081,M00113,76
S0000000082,M00001,95
S0000000083,M00013,50
S0000000084,M00025,93
S0000000085,M00038,81
S0000000086,M00053,65
S0000000087,M00068,88
S0000000088,M00083,83
S0000000089,M00098,86
S0000000090,M00113,87
S0000000091,M00001,91
S0000000092,M00013,85
S0000000093,M00025,99
S0000000094,M00038,89
S0000000095,M00053,58
S0000000096,M00068,48
S0000000097,M00083,71
S0000000098,M00098,68
S0000000099,M00113,42
S0000000100,M00001,56
S0000000101,M00013,40
S0000000102,M00025,76
S0000000103,M00038,83
S0000000104,M00053,93
S0000000105,M00068,82
S0000000106,M00083,65
S0000000107,M00098,74
S0000000108,M00113,93
S0000000109,M00001,75
S0000000110,M00013,78
S0000000111,M00025,96
S0000000112,M00038,76
S0000000113,M00053,97
S0000000114,M00068,35
S0000000115,M00083,49
S0000000116,M00098,65
S0000000117,M00113,73
S0000000118,M00001,99
S0000000119,M00013,89
S0000000120,M00025,76
S0000000121,M00038,87
S0000000122,M00053,47
S0000000123,M00068,59
S0000000124,M00083,85
S0000000125,M00098,72
S0000000126,M00113,74
S0000000127,M00001,97
S0000000128,M00013,54
S0000000129,M00025,68
S0000000130,M00038,61
S0000000131,M00053,71
S0000000132,M00068,94
S0000000133,M00083,79
S0000000134,M00098,88
S0000000135,M00113,98
S0000000136,M00001,69
S0000000137,M00013,84
S0000000138,M00025,76
S0000000139,M00038,40
S0000000140,M00053,94
S0000000141,M00068,57
S0000000142,M00083,87
S0000000143,M00098,67
S0000000144,M00113,56
S0000000145,M00001,55
S0000000146,M00013,75
S0000000147,M00025,50
S0000000148,M00038,94
S0000000149,M00053,93
S0000000150,M00068,62
S0000000151,M00083,86
S0000000152,M00098,99
S0000000153,M00113,90
S0000000154,M00001,45
S0000000155,M00013,77
S0000000156,M00025,95
S0000000157,M00038,96
S0000000158,M00053,64
S0000000159,M00068,95
S0000000160,M00083,81
S0000000161,M00098,50
S0000000162,M00113,83
S0000000163,M00001,85
S0000000164,M00013,92
S0000000165,M00025,63
S0000000166,M00038,61
S0000000167,M00053,91
S0000000168,M00068,60
S0000000169,M00083,96
S0000000170,M00098,90
S0000000171,M00113,45
S0000000172,M00001,58
S0000000173,M00013,62
S0000000174,M00025,98
S0000000175,M00038,55
S0000000176,M00053,87
S0000000177,M00068,83
S0000000178,M00083,90
S0000000179,M00098,65
S0000000180,M00113,50
S0000000181,M00001,69
S0000000182,M00013,48
S0000000183,M00025,76
S0000000184,M00038,93
S0000000185,M00053,74
S0000000186,M00068,81
S0000000187,M00083,67
S0000000188,M00098,99
S0000000189,M00113,69
S0000000190,M00001,76
S0000000191,M00013,95
S0000000192,M00025,50
S0000000193,M00038,93
S0000000194,M00053,81
S0000000195,M00068,65
S0000000196,M00083,88
S0000000197,M00098,83
S0000000198,M00113,86
S0000000199,M00001,87
S0000000200,M00013,91
S0000000201,M00025,85
S0000000202,M00038,99
S0000000203,M00053,89
S0000000204,M00068,58
S0000000205,M00083,48
S0000000206,M00098,71
S0000000207,M00113,68
S0000000208,M00001,42
S0000000209,M00013,56
S0000000210,M00025,40
S0000000211,M00038,76
S0000000212,M00053,83
S0000000213,M00068,93
S0000000214,M00083,82
S0000000215,M00098,65
S0000000216,M00113,74
S0000000217,M00001,93
S0000000218,M00013,75
S0000000219,M00025,78
S0000000220,M00038,96
S0000000221,M00053,76
S0000000222,M00068,97
S0000000223,M00083,35
S0000000224,M00098,49
S0000000225,M00113,65
S0000000226,M00001,73
S0000000227,M00013,99
S0000000228,M00025,89
S0000000229,M00038,76
S0000000230,M00053,87
S0000000231,M00068,47
S0000000232,M00083,59
S0000000233,M00098,85
S0000000234,M00113,72
S0000000235,M00001,74
S0000000236,M00013,97
S0000000237,M00025,54
S0000000238,M00038,68
S0000000239,M00053,61
S0000000240,M00068,71
S0000000241,M00083,94
S0000000242,M00098,79
S0000000243,M00113,88
S0000000244,M00001,98
S0000000245,M00013,69
S0000000246,M00025,84
S0000000247,M00038,76
S0000000248,M00053,40
S0000000249,M00068,94
S0000000250,M00083,57
S0000000251,M00098,87
S0000000252,M00113,67
S0000000253,M00001,56
S0000000254,M00013,55
S0000000255,M00025,75
S0000000256,M00038,50
S0000000257,M00053,94
S0000000258,M00068,93
S0000000259,M00083,62
S0000000260,M00098,86
S0000000261,M00113,99
S0000000262,M00001,90
S0000000263,M00013,45
S0000000264,M00025,77
S0000000265,M00038,95
S0000000266,M00053,96
S0000000267,M00068,64
S0000000268,M00083,95
S0000000269,M00098,81
S0000000270,M00113,50
S0000000271,M00001,83
S0000000272,M00013,85
S0000000273,M00025,92
S0000000274,M00038,63
S0000000275,M00053,61
S0000000276,M00068,91
S0000000277,M00083,60
S0000000278,M00098,96
S0000000279,M00113,90
S0000000280,M00001,45
S0000000281,M00013,58
S0000000282,M00025,62
S0000000283,M00038,98
S0000000284,M00053,55
S0000000285,M00068,87
S0000000286,M00083,83
S0000000287,M00098,90
S0000000288,M00113,65
S0000000289,M00001,50
S0000000290,M00013,69
S0000000291,M00025,48
S0000000292,M00038,76
S0000000293,M00053,93
S0000000294,M00068,74
S0000000295,M00083,81
S0000000296,M00098,67
S0000000297,M00113,99
S0000000298,M00001,69
S0000000299,M00013,76
S0000000300,M00025,95
S0000000301,M00038,50
S0000000302,M00053,93
S0000000303,M00068,81
S0000000304,M00083,65
S0000000305,M00098,88
S0000000306,M00113,83
S0000000307,M00001,86
S0000000308,M00013,87
S0000000309,M00025,91
S0000000310,M00038,85
S0000000311,M00053,99
S0000000312,M00068,89
S0000000313,M00083,58
S0000000314,M00098,48
S0000000315,M00113,71
S0000000316,M00001,68
S0000000317,M00013,42
S0000000318,M00025,56
S0000000319,M00038,40
S0000000320,M00053,76
S0000000321,M00068,83
S0000000322,M00083,93
S0000000323,M00098,82
S0000000324,M00113,65
S0000000325,M00001,74
S0000000326,M00013,93
S0000000327,M00025,75
S0000000328,M00038,78
S0000000329,M00053,96
S0000000330,M00068,76
S0000000331,M00083,97
S0000000332,M00098,35
S0000000333,M00113,49
S0000000334,M00001,65
S0000000335,M00013,73
S0000000336,M00025,99
S0000000337,M00038,89
S0000000338,M00053,76
S0000000339,M00068,87
S0000000340,M00083,47
S0000000341,M00098,59
S0000000342,M00113,85
S0000000343,M00001,72
S0000000344,M00013,74
S0000000345,M00025,97
S0000000346,M00038,54
S0000000347,M00053,68
S0000000348,M00068,61
S0000000349,M00083,71
S0000000350,M00098,94
S0000000001,M00002,79
S0000000002,M00014,88
S0000000003,M00026,98
S0000000004,M00039,69
S0000000005,M00054,84
S0000000006,M00069,76
S0000000007,M00084,40
S0000000008,M00099,94
S0000000009,M00114,57
S0000000010,M00002,87
S0000000011,M00014,67
S0000000012,M00026,56
S0000000013,M00039,55
S0000000014,M00054,75
S0000000015,M00069,50
S0000000016,M00084,94
S0000000017,M00099,93
S0000000018,M00114,62
S0000000019,M00002,86
S0000000020,M00014,99
S0000000021,M00026,90
S0000000022,M00039,45
S0000000023,M00054,77
S0000000024,M00069,95
S0000000025,M00084,96
S0000000026,M00099,64
S0000000027,M00114,95
S0000000028,M00002,81
S0000000029,M00014,50
S0000000030,M00026,83
S0000000031,M00039,85
S0000000032,M00054,92
S0000000033,M00069,63
S0000000034,M00084,61
S0000000035,M00099,91
S0000000036,M00114,60
S0000000037,M00002,96
S0000000038,M00014,90
S0000000039,M00026,45
S0000000040,M00039,58
S0000000041,M00054,62
S0000000042,M00069,98
S0000000043,M00084,55
S0000000044,M00099,87
S0000000045,M00114,83
S0000000046,M00002,90
S0000000047,M00014,65
S0000000048,M00026,50
S0000000049,M00039,69
S0000000050,M00054,48
S0000000051,M00069,76
S0000000052,M00084,93
S0000000053,M00099,74
S0000000054,M00114,81
S0000000055,M00002,67
S0000000056,M00014,99
S0000000057,M00026,69
S0000000058,M00039,76
S0000000059,M00054,95
S0000000060,M00069,50
S0000000061,M00084,93
S0000000062,M00099,81
S0000000063,M00114,65
S0000000064,M00002,88
S0000000065,M00014,83
S0000000066,M00026,86
S0000000067,M00039,87
S0000000068,M00054,91
S0000000069,M00069,85
S0000000070,M00084,99
S0000000071,M00099,89
S0000000072,M00114,58
S0000000073,M00002,48
S0000000074,M00014,71
S0000000075,M00026,68
S0000000076,M00039,42
S0000000077,M00054,56
S0000000078,M00069,40
S0000000079,M00084,76
S0000000080,M00099,83
S0000000081,M00114,93
S0000000082,M00002,82
S0000000083,M00014,65
S0000000084,M00026,74
S0000000085,M00039,93
S0000000086,M00054,75
S0000000087,M00069,78
S0000000088,M00084,96
S0000000089,M00099,76
S0000000090,M00114,97
S0000000091,M00002,35
S0000000092,M00014,49
S0000000093,M00026,65
S0000000094,M00039,73
S0000000095,M00054,99
S0000000096,M00069,89
S0000000097,M00084,76
S0000000098,M00099,87
S0000000099,M00114,47
S0000000100,M00002,59
S0000000101,M00014,85
S0000000102,M00026,72
S0000000103,M00039,74
S0000000104,M00054,97
S0000000105,M00069,54
S0000000106,M00084,68
S0000000107,M00099,61
S0000000108,M00114,71
S0000000109,M00002,94
S0000000110,M00014,79
S0000000111,M00026,88
S0000000112,M00039,98
S0000000113,M00054,69
S0000000114,M00069,84
S0000000115,M00084,76
S0000000116,M00099,40
S0000000117,M00114,94
S0000000118,M00002,57
S0000000119,M00014,87
S0000000120,M00026,67
S0000000121,M00039,56
S0000000122,M00054,55
S0000000123,M00069,75
S0000000124,M00084,50
S0000000125,M00099,94
S0000000126,M00114,93
S0000000127,M00002,62
S0000000128,M00014,86
S0000000129,M00026,99
S0000000130,M00039,90
S0000000131,M00054,45
S0000000132,M00069,77
S0000000133,M00084,95
S0000000134,M00099,96
S0000000135,M00114,64
S0000000136,M00002,95
S0000000137,M00014,81
S0000000138,M00026,50
S0000000139,M00039,83
S0000000140,M00054,85
S0000000141,M00069,92
S0000000142,M00084,63
S0000000143,M00099,61
S0000000144,M00114,91
S0000000145,M00002,60
S0000000146,M00014,96
S0000000147,M00026,90
S0000000148,M00039,45
S0000000149,M00054,58
S0000000150,M00069,62
S0000000151,M00084,98
S0000000152,M00099,55
S0000000153,M00114,87
S0000000154,M00002,83
S0000000155,M00014,90
S0000000156,M00026,65
S0000000157,M00039,50
S0000000158,M00054,69
S0000000159,M00069,48
S0000000160,M00084,76
S0000000161,M00099,93
S0000000162,M00114,74
S0000000163,M00002,81
S0000000164,M00014,67
S0000000165,M00026,99
S0000000166,M00039,69
S0000000167,M00054,76
S0000000168,M00069,95
S0000000169,M00084,50
S0000000170,M00099,93
S0000000171,M00114,81
S0000000172,M00002,65
S0000000173,M00014,88
S0000000174,M00026,83
S0000000175,M00039,86
S0000000176,M00054,87
S0000000177,M00069,91
S0000000178,M00084,85
S0000000179,M00099,99
S0000000180,M00114,89
S0000000181,M00002,58
S0000000182,M00014,48
S0000000183,M00026,71
S0000000184,M00039,68
S0000000185,M00054,42
S0000000186,M00069,56
S0000000187,M00084,40
S0000000188,M00099,76
S0000000189,M00114,83
S0000000190,M00002,93
S0000000191,M00014,82
S0000000192,M00026,65
S0000000193,M00039,74
S0000000194,M00054,93
S0000000195,M00069,75
S0000000196,M00084,78
S0000000197,M00099,96
S0000000198,M00114,76
S0000000199,M00002,97
S0000000200,M00014,35
S0000000201,M00026,75
S0000000202,M00039,90
S0000000203,M00054,58
S0000000204,M00069,92
S0000000205,M00084,82
S0000000206,M00099,49
S0000000207,M00114,65
S0000000208,M00002,73
S0000000209,M00014,99
S0000000210,M00026,89
S0000000211,M00039,76
S0000000212,M00054,87
S0000000213,M00069,47
S0000000214,M00084,59
S0000000215,M00099,85
S0000000216,M00114,72
S0000000217,M00002,74
S0000000218,M00014,97
S0000000219,M00026,54
S0000000220,M00039,68
S0000000221,M00054,61
S0000000222,M00069,71
S0000000223,M00084,94
S0000000224,M00099,79
S0000000225,M00114,88
S0000000226,M00002,98
S0000000227,M00014,69
S0000000228,M00026,84
S0000000229,M00039,76
S0000000230,M00054,40
S0000000231,M00069,94
S0000000232,M00084,57
S0000000233,M00099,87
S0000000234,M00114,67
S0000000235,M00002,56
S0000000236,M00014,55
S0000000237,M00026,75
S0000000238,M00039,50
S0000000239,M00054,94
S0000000240,M00069,93
S0000000241,M00084,62
S0000000242,M00099,86
S0000000243,M00114,99
S0000000244,M00002,90
S0000000245,M00014,45
S0000000246,M00026,77
S0000000247,M00039,95
S0000000248,M00054,96
S0000000249,M00069,64
S0000000250,M00084,95
S0000000251,M00099,81
S0000000252,M00114,50
S0000000253,M00002,83
S0000000254,M00014,85
S0000000255,M00026,92
S0000000256,M00039,63
S0000000257,M00054,61
S0000000258,M00069,91
S0000000259,M00084,60
S0000000260,M00099,96
S0000000261,M00114,90
S0000000262,M00002,45
S0000000263,M00014,58
S0000000264,M00026,62
S0000000265,M00039,98
S0000000266,M00054,55
S0000000267,M00069,87
S0000000268,M00084,83
S0000000269,M00099,90
S0000000270,M00114,65
S0000000271,M00002,50
S0000000272,M00014,69
S0000000273,M00026,48
S0000000274,M00039,76
S0000000275,M00054,93
S0000000276,M00069,74
S0000000277,M00084,81
S0000000278,M00099,67
S0000000279,M00114,99
S0000000280,M00002,69
S0000000281,M00014,76
S0000000282,M00026,95
S0000000283,M00039,50
S0000000284,M00054,93
S0000000285,M00069,81
S0000000286,M00084,65
S0000000287,M00099,88
S0000000288,M00114,83
S0000000289,M00002,86
S0000000290,M00014,87
S0000000291,M00026,91
S0000000292,M00039,85
S0000000293,M00054,99
S0000000294,M00069,89
S0000000295,M00084,58
S0000000296,M00099,48
S0000000297,M00114,71
S0000000298,M00002,68
S0000000299,M00014,42
S0000000300,M00026,56
S0000000301,M00039,40
S0000000302,M00054,76
S0000000303,M00069,83
S0000000304,M00084,93
S0000000305,M00099,82
S0000000306,M00114,65
S0000000307,M00002,74
S0000000308,M00014,93
S0000000309,M00026,75
S0000000310,M00039,78
S0000000311,M00054,96
S0000000312,M00069,76
S0000000313,M00084,97
S0000000314,M00099,35
S0000000315,M00114,49
S0000000316,M00002,65
S0000000317,M00014,73
S0000000318,M00026,99
S0000000319,M00039,89
S0000000320,M00054,76
S0000000321,M00069,87
S0000000322,M00084,47
S0000000323,M00099,59
S0000000324,M00114,85
S0000000325,M00002,72
S0000000326,M00014,74
S0000000327,M00026,97
S0000000328,M00039,54
S0000000329,M00054,68
S0000000330,M00069,61
S0000000331,M00084,71
S0000000332,M00099,94
S0000000333,M00114,79
S0000000334,M00002,88
S0000000335,M00014,98
S0000000336,M00026,69
S0000000337,M00039,84
S0000000338,M00054,76
S0000000339,M00069,40
S0000000340,M00084,94
S0000000341,M00099,57
S0000000342,M00114,87
S0000000343,M00002,67
S0000000344,M00014,56
S0000000345,M00026,55
S0000000346,M00039,75
S0000000347,M00054,50
S0000000348,M00069,94
S0000000349,M00084,93
S0000000350,M00099,62
S0000000001,M00003,86
S0000000002,M00015,99
S0000000003,M00027,90
S0000000004,M00040,45
S0000000005,M00055,77
S0000000006,M00070,95
S0000000007,M00085,96
S0000000008,M00100,64
S0000000009,M00115,95
S0000000010,M00003,81
S0000000011,M00015,50
S0000000012,M00027,83
S0000000013,M00040,85
S0000000014,M00055,92
S0000000015,M00070,63
S0000000016,M00085,61
S0000000017,M00100,91
S0000000018,M00115,60
S0000000019,M00003,96
S0000000020,M00015,90
S0000000021,M00027,45
S0000000022,M00040,58
S0000000023,M00055,62
S0000000024,M00070,98
S0000000025,M00085,55
S0000000026,M00100,87
S0000000027,M00115,83
S0000000028,M00003,90
S0000000029,M00015,65
S0000000030,M00027,50
S0000000031,M00040,69
S0000000032,M00055,48
S0000000033,M00070,76
S0000000034,M00085,93
S0000000035,M00100,74
S0000000036,M00115,81
S0000000037,M00003,67
S0000000038,M00015,99
S0000000039,M00027,69
S0000000040,M00040,76
S0000000041,M00055,95
S0000000042,M00070,50
S0000000043,M00085,93
S0000000044,M00100,81
S0000000045,M00115,65
S0000000046,M00003,88
S0000000047,M00015,83
S0000000048,M00027,86
S0000000049,M00040,87
S0000000050,M00055,91
S0000000051,M00070,85
S0000000052,M00085,99
S0000000053,M00100,89
S0000000054,M00115,58
S0000000055,M00003,48
S0000000056,M00015,71
S0000000057,M00027,68
S0000000058,M00040,42
S0000000059,M00055,56
S0000000060,M00070,40
S0000000061,M00085,76
S0000000062,M00100,83
S0000000063,M00115,93
S0000000064,M00003,82
S0000000065,M00015,65
S0000000066,M00027,74
S0000000067,M00040,93
S0000000068,M00055,75
S0000000069,M00070,78
S0000000070,M00085,96
S0000000071,M00100,76
S0000000072,M00115,97
S0000000073,M00003,35
S0000000074,M00015,49
S0000000075,M00027,65
S0000000076,M00040,73
S0000000077,M00055,99
S0000000078,M00070,89
S0000000079,M00085,76
S0000000080,M00100,87
S0000000081,M00115,47
S0000000082,M00003,59
S0000000083,M00015,85
S0000000084,M00027,72
S0000000085,M00040,74
S0000000086,M00055,97
S0000000087,M00070,54
S0000000088,M00085,68
S0000000089,M00100,61
S0000000090,M00115,71
S0000000091,M00003,94
S0000000092,M00015,79
S0000000093,M00027,88
S0000000094,M00040,98
S0000000095,M00055,69
S0000000096,M00070,84
S0000000097,M00085,76
S0000000098,M00100,40
S0000000099,M00115,94
S0000000100,M00003,57
S0000000101,M00015,87
S0000000102,M00027,67
S0000000103,M00040,56
S0000000104,M00055,55
S0000000105,M00070,75
S0000000106,M00085,50
S0000000107,M00100,94
S0000000108,M00115,93
S0000000109,M00003,62
S0000000110,M00015,86
S0000000111,M00027,99
S0000000112,M00040,90
S0000000113,M00055,45
S0000000114,M00070,77
S0000000115,M00085,95
S0000000116,M00100,96
S0000000117,M00115,64
S0000000118,M00003,95
S0000000119,M00015,81
S0000000120,M00027,50
S0000000121,M00040,83
S0000000122,M00055,85
S0000000123,M00070,92
S0000000124,M00085,63
S0000000125,M00100,61
S0000000126,M00115,91
S0000000127,M00003,60
S0000000128,M00015,96
S0000000129,M00027,90
S0000000130,M00040,45
S0000000131,M00055,58
S0000000132,M00070,62
S0000000133,M00085,98
S0000000134,M00100,55
S0000000135,M00115,87
S0000000136,M00003,83
S0000000137,M00015,90
S0000000138,M00027,65
S0000000139,M00040,50
S0000000140,M00055,69
S0000000141,M00070,48
S0000000142,M00085,76
S0000000143,M00100,93
S0000000144,M00115,74
S0000000145,M00003,81
S0000000146,M00015,67
S0000000147,M00027,99
S0000000148,M00040,69
S0000000149,M00055,76
S0000000150,M00070,95
S0000000151,M00085,50
S0000000152,M00100,93
S0000000153,M00115,81
S0000000154,M00003,65
S0000000155,M00015,88
S0000000156,M00027,83
S0000000157,M00040,86
S0000000158,M00055,87
S0000000159,M00070,91
S0000000160,M00085,85
S0000000161,M00100,99
S0000000162,M00115,89
S0000000163,M00003,58
S0000000164,M00015,48
S0000000165,M00027,71
S0000000166,M00040,68
S0000000167,M00055,42
S0000000168,M00070,56
S0000000169,M00085,40
S0000000170,M00100,76
S0000000171,M00115,83
S0000000172,M00003,93
S0000000173,M00015,82
S0000000174,M00027,65
S0000000175,M00040,74
S0000000176,M00055,93
S0000000177,M00070,75
S0000000178,M00085,78
S0000000179,M00100,96
S0000000180,M00115,76
S0000000181,M00003,97
S0000000182,M00015,35
S0000000183,M00027,49
S0000000184,M00040,65
S0000000185,M00055,73
S0000000186,M00070,99
S0000000187,M00085,89
S0000000188,M00100,76
S0000000189,M00115,87
S0000000190,M00003,47
S0000000191,M00015,59
S0000000192,M00027,85
S0000000193,M00040,72
S0000000194,M00055,74
S0000000195,M00070,97
S0000000196,M00085,54
S0000000197,M00100,68
S0000000198,M00115,61
S0000000199,M00003,71
S0000000200,M00015,94
S0000000201,M00027,79
S0000000202,M00040,88
S0000000203,M00055,98
S0000000204,M00070,69
S0000000205,M00085,84
S0000000206,M00100,76
S0000000207,M00115,40
S0000000208,M00003,94
S0000000209,M00015,57
S0000000210,M00027,87
S0000000211,M00040,67
S0000000212,M00055,56
S0000000213,M00070,55
S0000000214,M00085,75
S0000000215,M00100,50
S0000000216,M00115,94
S0000000217,M00003,93
S0000000218,M00015,62
S0000000219,M00027,86
S0000000220,M00040,99
S0000000221,M00055,90
S0000000222,M00070,45
S0000000223,M00085,77
S0000000224,M00100,95
S0000000225,M00115,96
S0000000226,M00003,64
S0000000227,M00015,95
S0000000228,M00027,81
S0000000229,M00040,50
S0000000230,M00055,83
S0000000231,M00070,85
S0000000232,M00085,92
S0000000233,M00100,63
S0000000234,M00115,61
S0000000235,M00003,91
S0000000236,M00015,60
S0000000237,M00027,96
S0000000238,M00040,90
S0000000239,M00055,45
S0000000240,M00070,58
S0000000241,M00085,62
S0000000242,M00100,98
S0000000243,M00115,55
S0000000244,M00003,87
S0000000245,M00015,83
S0000000246,M00027,90
S0000000247,M00040,65
S0000000248,M00055,50
S0000000249,M00070,69
S0000000250,M00085,48
S0000000251,M00100,76
S0000000252,M00115,93
S0000000253,M00003,74
S0000000254,M00015,81
S0000000255,M00027,67
S0000000256,M00040,99
S0000000257,M00055,69
S0000000258,M00070,76
S0000000259,M00085,95
S0000000260,M00100,50
S0000000261,M00115,93
S0000000262,M00003,81
S0000000263,M00015,65
S0000000264,M00027,88
S0000000265,M00040,83
S0000000266,M00055,86
S0000000267,M00070,87
S0000000268,M00085,91
S0000000269,M00100,85
S0000000270,M00115,99
S0000000271,M00003,89
S0000000272,M00015,58
S0000000273,M00027,48
S0000000274,M00040,71
S0000000275,M00055,68
S0000000276,M00070,42
S0000000277,M00085,56
S0000000278,M00100,40
S0000000279,M00115,76
S0000000280,M00003,83
S0000000281,M00015,93
S0000000282,M00027,82
S0000000283,M00040,65
S0000000284,M00055,74
S0000000285,M00070,93
S0000000286,M00085,75
S0000000287,M00100,78
S0000000288,M00115,96
S0000000289,M00003,76
S0000000290,M00015,97
S0000000291,M00027,35
S0000000292,M00040,49
S0000000293,M00055,65
S0000000294,M00070,73
S0000000295,M00085,99
S0000000296,M00100,89
S0000000297,M00115,76
S0000000298,M00003,87
S0000000299,M00015,47
S0000000300,M00027,59
S0000000301,M00040,85
S0000000302,M00055,72
S0000000303,M00070,74
S0000000304,M00085,97
S0000000305,M00100,54
S0000000306,M00115,68
S0000000307,M00003,61
S0000000308,M00015,71
S0000000309,M00027,94
S0000000310,M00040,79
S0000000311,M00055,88
S0000000312,M00070,98
S0000000313,M00085,69
S0000000314,M00100,84
S0000000315,M00115,76
S0000000316,M00003,40
S0000000317,M00015,94
S0000000318,M00027,57
S0000000319,M00040,87
S0000000320,M00055,67
S0000000321,M00070,56
S0000000322,M00085,55
S0000000323,M00100,75
S0000000324,M00115,50
S0000000325,M00003,94
S0000000326,M00015,93
S0000000327,M00027,62
S0000000328,M00040,86
S0000000329,M00055,99
S0000000330,M00070,90
S0000000331,M00085,45
S0000000332,M00100,77
S0000000333,M00115,95
S0000000334,M00003,96
S0000000335,M00015,64
S0000000336,M00027,95
S0000000337,M00040,81
S0000000338,M00055,50
S0000000339,M00070,83
S0000000340,M00085,85
S0000000341,M00100,92
S0000000342,M00115,63
S0000000343,M00003,61
S0000000344,M00015,91
S0000000345,M00027,60
S0000000346,M00040,96
S0000000347,M00055,90
S0000000348,M00070,45
S0000000349,M00085,58
S0000000350,M00100,62
S0000000001,M00004,98
S0000000002,M00016,55
S0000000003,M00028,87
S0000000004,M00041,83
S0000000005,M00056,90
S0000000006,M00071,65
S0000000007,M00086,50
S0000000008,M00101,69
S0000000009,M00116,48
S0000000010,M00004,76
S0000000011,M00016,93
S0000000012,M00028,74
S0000000013,M00041,81
S0000000014,M00056,67
S0000000015,M00071,99
S0000000016,M00086,69
S0000000017,M00101,76
S0000000018,M00116,95
S0000000019,M00004,50
S0000000020,M00016,93
S0000000021,M00028,81
S0000000022,M00041,65
S0000000023,M00056,88
S0000000024,M00071,83
S0000000025,M00086,86
S0000000026,M00101,87
S0000000027,M00116,91
S0000000028,M00004,85
S0000000029,M00016,99
S0000000030,M00028,89
S0000000031,M00041,58
S0000000032,M00056,48
S0000000033,M00071,71
S0000000034,M00086,68
S0000000035,M00101,42
S0000000036,M00116,56
S0000000037,M00004,40
S0000000038,M00016,76
S0000000039,M00028,83
S0000000040,M00041,93
S0000000041,M00056,82
S0000000042,M00071,65
S0000000043,M00086,74
S0000000044,M00101,93
S0000000045,M00116,75
S0000000046,M00004,78
S0000000047,M00016,96
S0000000048,M00028,76
S0000000049,M00041,97
S0000000050,M00056,35
S0000000051,M00071,75
S0000000052,M00086,90
S0000000053,M00101,58
S0000000054,M00116,92
S0000000055,M00004,82
S0000000056,M00016,49
S0000000057,M00028,65
S0000000058,M00041,73
S0000000059,M00056,99
S0000000060,M00071,89
S0000000061,M00086,76
S0000000062,M00101,87
S0000000063,M00116,47
S0000000064,M00004,59
S0000000065,M00016,85
S0000000066,M00028,72
S0000000067,M00041,74
S0000000068,M00056,97
S0000000069,M00071,54
S0000000070,M00086,68
S0000000071,M00101,61
S0000000072,M00116,71
S0000000073,M00004,94
S0000000074,M00016,79
S0000000075,M00028,88
S0000000076,M00041,98
S0000000077,M00056,69
S0000000078,M00071,84
S0000000079,M00086,76
S0000000080,M00101,40
S0000000081,M00116,94
S0000000082,M00004,57
S0000000083,M00016,87
S0000000084,M00028,67
S0000000085,M00041,56
S0000000086,M00056,55
S0000000087,M00071,75
S0000000088,M00086,50
S0000000089,M00101,94
S0000000090,M00116,93
S0000000091,M00004,62
S0000000092,M00016,86
S0000000093,M00028,99
S0000000094,M00041,90
S0000000095,M00056,45
S0000000096,M00071,77
S0000000097,M00086,95
S0000000098,M00101,96
S0000000099,M00116,64
S0000000100,M00004,95
S0000000101,M00016,81
S0000000102,M00028,50
S0000000103,M00041,83
S0000000104,M00056,85
S0000000105,M00071,92
S0000000106,M00086,63
S0000000107,M00101,61
S0000000108,M00116,91
S0000000109,M00004,60
S0000000110,M00016,96
S0000000111,M00028,90
S0000000112,M00041,45
S0000000113,M00056,58
S0000000114,M00071,62
S0000000115,M00086,98
S0000000116,M00101,55
S0000000117,M00116,87
S0000000118,M00004,83
S0000000119,M00016,90
S0000000120,M00028,65
S0000000121,M00041,50
S0000000122,M00056,69
S0000000123,M00071,48
S0000000124,M00086,76
S0000000125,M00101,93
S0000000126,M00116,74
S0000000127,M00004,81
S0000000128,M00016,67
S0000000129,M00028,99
S0000000130,M00041,69
S0000000131,M00056,76
S0000000132,M00071,95
S0000000133,M00086,50
S0000000134,M00101,93
S0000000135,M00116,81
S0000000136,M00004,65
S0000000137,M00016,88
S0000000138,M00028,83
S0000000139,M00041,86
S0000000140,M00056,87
S0000000141,M00071,91
S0000000142,M00086,85
S0000000143,M00101,99
S0000000144,M00116,89
S0000000145,M00004,58
S0000000146,M00016,48
S0000000147,M00028,71
S0000000148,M00041,68
S0000000149,M00056,42
S0000000150,M00071,56
S0000000151,M00086,40
S0000000152,M00101,76
S0000000153,M00116,83
S0000000154,M00004,93
S0000000155,M00016,82
S0000000156,M00028,65
S0000000157,M00041,74
S0000000158,M00056,93
S0000000159,M00071,75
S0000000160,M00086,78
S0000000161,M00101,96
S0000000162,M00116,76
S0000000163,M00004,97
S0000000164,M00016,35
S0000000165,M00028,49
S0000000166,M00041,65
S0000000167,M00056,73
S0000000168,M00071,99
S0000000169,M00086,89
S0000000170,M00101,76
S0000000171,M00116,87
S0000000172,M00004,47
S0000000173,M00016,59
S0000000174,M00028,85
S0000000175,M00041,72
S0000000176,M00056,74
S0000000177,M00071,97
S0000000178,M00086,54
S0000000179,M00101,68
S0000000180,M00116,61
S0000000181,M00004,71
S0000000182,M00016,94
S0000000183,M00028,79
S0000000184,M00041,88
S0000000185,M00056,98
S0000000186,M00071,69
S0000000187,M00086,84
S0000000188,M00101,76
S0000000189,M00116,40
S0000000190,M00004,94
S0000000191,M00016,57
S0000000192,M00028,87
S0000000193,M00041,67
S0000000194,M00056,56
S0000000195,M00071,55
S0000000196,M00086,75
S0000000197,M00101,50
S0000000198,M00116,94
S0000000199,M00004,93
S0000000200,M00016,62
S0000000201,M00028,86
S0000000202,M00041,99
S0000000203,M00056,90
S0000000204,M00071,45
S0000000205,M00086,77
S0000000206,M00101,95
S0000000207,M00116,96
S0000000208,M00004,64
S0000000209,M00016,95
S0000000210,M00028,81
S0000000211,M00041,50
S0000000212,M00056,83
S0000000213,M00071,85
S0000000214,M00086,92
S0000000215,M00101,63
S0000000216,M00116,61
S0000000217,M00004,91
S0000000218,M00016,60
S0000000219,M00028,96
S0000000220,M00041,90
S0000000221,M00056,45
S0000000222,M00071,58
S0000000223,M00086,62
S0000000224,M00101,98
S0000000225,M00116,55
S0000000226,M00004,87
S0000000227,M00016,83
S0000000228,M00028,90
S0000000229,M00041,65
S0000000230,M00056,50
S0000000231,M00071,69
S0000000232,M00086,48
S0000000233,M00101,76
S0000000234,M00116,93
S0000000235,M00004,74
S0000000236,M00016,81
S0000000237,M00028,67
S0000000238,M00041,99
S0000000239,M00056,69
S0000000240,M00071,76
S0000000241,M00086,95
S0000000242,M00101,50
S0000000243,M00116,93
S0000000244,M00004,81
S0000000245,M00016,65
S0000000246,M00028,88
S0000000247,M00041,83
S0000000248,M00056,86
S0000000249,M00071,87
S0000000250,M00086,91
S0000000251,M00101,85
S0000000252,M00116,99
S0000000253,M00004,89
S0000000254,M00016,58
S0000000255,M00028,48
S0000000256,M00041,71
S0000000257,M00056,68
S0000000258,M00071,42
S0000000259,M00086,56
S0000000260,M00101,40
S0000000261,M00116,76
S0000000262,M00004,83
S0000000263,M00016,93
S0000000264,M00028,82
S0000000265,M00041,65
S0000000266,M00056,74
S0000000267,M00071,93
S0000000268,M00086,75
S0000000269,M00101,78
S0000000270,M00116,96
S0000000271,M00004,76
S0000000272,M00016,97
S0000000273,M00028,35
S0000000274,M00041,49
S0000000275,M00056,65
S0000000276,M00071,73
S0000000277,M00086,99
S0000000278,M00101,89
S0000000279,M00116,76
S0000000280,M00004,87
S0000000281,M00016,47
S0000000282,M00028,59
S0000000283,M00041,85
S0000000284,M00056,72
S0000000285,M00071,74
S0000000286,M00086,97
S0000000287,M00101,54
S0000000288,M00116,68
S0000000289,M00004,61
S0000000290,M00016,71
S0000000291,M00028,94
S0000000292,M00041,79
S0000000293,M00056,88
S0000000294,M00071,98
S0000000295,M00086,69
S0000000296,M00101,84
S0000000297,M00116,76
S0000000298,M00004,40
S0000000299,M00016,94
S0000000300,M00028,57
S0000000301,M00041,87
S0000000302,M00056,67
S0000000303,M00071,56
S0000000304,M00086,55
S0000000305,M00101,75
S0000000306,M00116,50
S0000000307,M00004,94
S0000000308,M00016,93
S0000000309,M00028,62
S0000000310,M00041,86
S0000000311,M00056,99
S0000000312,M00071,90
S0000000313,M00086,45
S0000000314,M00101,77
S0000000315,M00116,95
S0000000316,M00004,96
S0000000317,M00016,64
S0000000318,M00028,95
S0000000319,M00041,81
S0000000320,M00056,50
S0000000321,M00071,83
S0000000322,M00086,85
S0000000323,M00101,92
S0000000324,M00116,63
S0000000325,M00004,61
S0000000326,M00016,91
S0000000327,M00028,60
S0000000328,M00041,96
S0000000329,M00056,90
S0000000330,M00071,45
S0000000331,M00086,58
S0000000332,M00101,62
S0000000333,M00116,98
S0000000334,M00004,55
S0000000335,M00016,87
S0000000336,M00028,83
S0000000337,M00041,90
S0000000338,M00056,65
S0000000339,M00071,50
S0000000340,M00086,69
S0000000341,M00101,48
S0000000342,M00116,76
S0000000343,M00004,93
S0000000344,M00016,74
S0000000345,M00028,81
S0000000346,M00041,67
S0000000347,M00056,99
S0000000348,M00071,69
S0000000349,M00086,76
S0000000350,M00101,95
S0000000001,M00005,50
S0000000002,M00017,93
S0000000003,M00029,81
S0000000004,M00042,65
S0000000005,M00057,88
S0000000006,M00072,83
S0000000007,M00087,86
S0000000008,M00102,87
S0000000009,M00117,91
S0000000010,M00005,85
S0000000011,M00017,99
S0000000012,M00029,89
S0000000013,M00042,58
S0000000014,M00057,48
S0000000015,M00072,71
S0000000016,M00087,68
S0000000017,M00102,42
S0000000018,M00117,56
S0000000019,M00005,40
S0000000020,M00017,76
S0000000021,M00029,83
S0000000022,M00042,93
S0000000023,M00057,82
S0000000024,M00072,65
S0000000025,M00087,74
S0000000026,M00102,93
S0000000027,M00117,75
S0000000028,M00005,78
S0000000029,M00017,96
S0000000030,M00029,76
S0000000031,M00042,97
S0000000032,M00057,35
S0000000033,M00072,49
S0000000034,M00087,65
S0000000035,M00102,73
S0000000036,M00117,99
S0000000037,M00005,89
S0000000038,M00017,76
S0000000039,M00029,87
S0000000040,M00042,47
S0000000041,M00057,59
S0000000042,M00072,85
S0000000043,M00087,72
S0000000044,M00102,74
S0000000045,M00117,97
S0000000046,M00005,54
S0000000047,M00017,68
S0000000048,M00029,61
S0000000049,M00042,71
S0000000050,M00057,94
S0000000051,M00072,79
S0000000052,M00087,88
S0000000053,M00102,98
S0000000054,M00117,69
S0000000055,M00005,84
S0000000056,M00017,76
S0000000057,M00029,40
S0000000058,M00042,94
S0000000059,M00057,57
S0000000060,M00072,87
S0000000061,M00087,67
S0000000062,M00102,56
S0000000063,M00117,55
S0000000064,M00005,75
S0000000065,M00017,50
S0000000066,M00029,94
S0000000067,M00042,93
S0000000068,M00057,62
S0000000069,M00072,86
S0000000070,M00087,99
S0000000071,M00102,90
S0000000072,M00117,45
S0000000073,M00005,77
S0000000074,M00017,95
S0000000075,M00029,96
S0000000076,M00042,64
S0000000077,M00057,95
S0000000078,M00072,81
S0000000079,M00087,50
S0000000080,M00102,83
S0000000081,M00117,85
S0000000082,M00005,92
S0000000083,M00017,63
S0000000084,M00029,61
S0000000085,M00042,91
S0000000086,M00057,60
S0000000087,M00072,96
S0000000088,M00087,90
S0000000089,M00102,45
S0000000090,M00117,58
S0000000091,M00005,62
S0000000092,M00017,98
S0000000093,M00029,55
S0000000094,M00042,87
S0000000095,M00057,83
S0000000096,M00072,90
S0000000097,M00087,65
S0000000098,M00102,50
S0000000099,M00117,69
S0000000100,M00005,48
S0000000101,M00017,76
S0000000102,M00029,93
S0000000103,M00042,74
S0000000104,M00057,81
S0000000105,M00072,67
S0000000106,M00087,99
S0000000107,M00102,69
S0000000108,M00117,76
S0000000109,M00005,95
S0000000110,M00017,50
S0000000111,M00029,93
S0000000112,M00042,81
S0000000113,M00057,65
S0000000114,M00072,88
S0000000115,M00087,83
S0000000116,M00102,86
S0000000117,M00117,87
S0000000118,M00005,91
S0000000119,M00017,85
S0000000120,M00029,99
S0000000121,M00042,89
S0000000122,M00057,58
S0000000123,M00072,48
S0000000124,M00087,71
S0000000125,M00102,68
S0000000126,M00117,42
S0000000127,M00005,56
S0000000128,M00017,40
S0000000129,M00029,76
S0000000130,M00042,83
S0000000131,M00057,93
S0000000132,M00072,82
S0000000133,M00087,65
S0000000134,M00102,74
S0000000135,M00117,93
S0000000136,M00005,75
S0000000137,M00017,78
S0000000138,M00029,96
S0000000139,M00042,76
S0000000140,M00057,97
S0000000141,M00072,35
S0000000142,M00087,49
S0000000143,M00102,65
S0000000144,M00117,73
S0000000145,M00005,99
S0000000146,M00017,89
S0000000147,M00029,76
S0000000148,M00042,87
S0000000149,M00057,47
S0000000150,M00072,59
S0000000151,M00087,85
S0000000152,M00102,72
S0000000153,M00117,74
S0000000154,M00005,97
S0000000155,M00017,54
S0000000156,M00029,68
S0000000157,M00042,61
S0000000158,M00057,71
S0000000159,M00072,94
S0000000160,M00087,79
S0000000161,M00102,88
S0000000162,M00117,98
S0000000163,M00005,69
S0000000164,M00017,84
S0000000165,M00029,76
S0000000166,M00042,40
S0000000167,M00057,94
S0000000168,M00072,57
S0000000169,M00087,87
S0000000170,M00102,67
S0000000171,M00117,56
S0000000172,M00005,55
S0000000173,M00017,75
S0000000174,M00029,50
S0000000175,M00042,94
S0000000176,M00057,93
S0000000177,M00072,62
S0000000178,M00087,86
S0000000179,M00102,99
S0000000180,M00117,90
S0000000181,M00005,45
S0000000182,M00017,77
S0000000183,M00029,95
S0000000184,M00042,96
S0000000185,M00057,64
S0000000186,M00072,95
S0000000187,M00087,81
S0000000188,M00102,50
S0000000189,M00117,83
S0000000190,M00005,85
S0000000191,M00017,92
S0000000192,M00029,63
S0000000193,M00042,61
S0000000194,M00057,91
S0000000195,M00072,60
S0000000196,M00087,96
S0000000197,M00102,90
S0000000198,M00117,45
S0000000199,M00005,58
S0000000200,M00017,62
S0000000201,M00029,98
S0000000202,M00042,55
S0000000203,M00057,87
S0000000204,M00072,83
S0000000205,M00087,90
S0000000206,M00102,65
S0000000207,M00117,50
S0000000208,M00005,69
S0000000209,M00017,48
S0000000210,M00029,76
S0000000211,M00042,93
S0000000212,M00057,74
S0000000213,M00072,81
S0000000214,M00087,67
S0000000215,M00102,99
S0000000216,M00117,69
S0000000217,M00005,76
S0000000218,M00017,95
S0000000219,M00029,50
S0000000220,M00042,93
S0000000221,M00057,81
S0000000222,M00072,65
S0000000223,M00087,88
S0000000224,M00102,83
S0000000225,M00117,86
S0000000226,M00005,87
S0000000227,M00017,91
S0000000228,M00029,85
S0000000229,M00042,99
S0000000230,M00057,89
S0000000231,M00072,58
S0000000232,M00087,48
S0000000233,M00102,71
S0000000234,M00117,68
S0000000235,M00005,42
S0000000236,M00017,56
S0000000237,M00029,40
S0000000238,M00042,76
S0000000239,M00057,83
S0000000240,M00072,93
S0000000241,M00087,82
S0000000242,M00102,65
S0000000243,M00117,74
S0000000244,M00005,93
S0000000245,M00017,75
S0000000246,M00029,78
S0000000247,M00042,96
S0000000248,M00057,76
S0000000249,M00072,97
S0000000250,M00087,35
S0000000251,M00102,75
S0000000252,M00117,90
S0000000253,M00005,58
S0000000254,M00017,92
S0000000255,M00029,82
S0000000256,M00042,49
S0000000257,M00057,65
S0000000258,M00072,73
S0000000259,M00087,99
S0000000260,M00102,89
S0000000261,M00117,76
S0000000262,M00005,87
S0000000263,M00017,47
S0000000264,M00029,59
S0000000265,M00042,85
S0000000266,M00057,72
S0000000267,M00072,74
S0000000268,M00087,97
S0000000269,M00102,54
S0000000270,M00117,68
S0000000271,M00005,61
S0000000272,M00017,71
S0000000273,M00029,94
S0000000274,M00042,79
S0000000275,M00057,88
S0000000276,M00072,98
S0000000277,M00087,69
S0000000278,M00102,84
S0000000279,M00117,76
S0000000280,M00005,40
S0000000281,M00017,94
S0000000282,M00029,57
S0000000283,M00042,87
S0000000284,M00057,67
S0000000285,M00072,56
S0000000286,M00087,55
S0000000287,M00102,75
S0000000288,M00117,50
S0000000289,M00005,94
S0000000290,M00017,93
S0000000291,M00029,62
S0000000292,M00042,86
S0000000293,M00057,99
S0000000294,M00072,90
S0000000295,M00087,45
S0000000296,M00102,77
S0000000297,M00117,95
S0000000298,M00005,96
S0000000299,M00017,64
S0000000300,M00029,95
S0000000301,M00042,81
S0000000302,M00057,50
S0000000303,M00072,83
S0000000304,M00087,85
S0000000305,M00102,92
S0000000306,M00117,63
S0000000307,M00005,61
S0000000308,M00017,91
S0000000309,M00029,60
S0000000310,M00042,96
S0000000311,M00057,90
S0000000312,M00072,45
S0000000313,M00087,58
S0000000314,M00102,62
S0000000315,M00117,98
S0000000316,M00005,55
S0000000317,M00017,87
S0000000318,M00029,83
S0000000319,M00042,90
S0000000320,M00057,65
S0000000321,M00072,50
S0000000322,M00087,69
S0000000323,M00102,48
S0000000324,M00117,76
S0000000325,M00005,93
S0000000326,M00017,74
S0000000327,M00029,81
S0000000328,M00042,67
S0000000329,M00057,99
S0000000330,M00072,69
S0000000331,M00087,76
S0000000332,M00102,95
S0000000333,M00117,50
S0000000334,M00005,93
S0000000335,M00017,81
S0000000336,M00029,65
S0000000337,M00042,88
S0000000338,M00057,83
S0000000339,M00072,86
S0000000340,M00087,87
S0000000341,M00102,91
S0000000342,M00117,85
S0000000343,M00005,99
S0000000344,M00017,89
S0000000345,M00029,58
S0000000346,M00042,48
S0000000347,M00057,71
S0000000348,M00072,68
S0000000349,M00087,42
S0000000350,M00102,56
S0000000001,M00006,40
S0000000002,M00018,76
S0000000003,M00030,83
S0000000004,M00043,93
S0000000005,M00058,82
S0000000006,M00073,65
S0000000007,M00088,74
S0000000008,M00103,93
S0000000009,M00118,75
S0000000010,M00006,78
S0000000011,M00018,96
S0000000012,M00030,76
S0000000013,M00043,97
S0000000014,M00058,35
S0000000015,M00073,49
S0000000016,M00088,65
S0000000017,M00103,73
S0000000018,M00118,99
S0000000019,M00006,89
S0000000020,M00018,76
S0000000021,M00030,87
S0000000022,M00043,47
S0000000023,M00058,59
S0000000024,M00073,85
S0000000025,M00088,72
S0000000026,M00103,74
S0000000027,M00118,97
S0000000028,M00006,54
S0000000029,M00018,68
S0000000030,M00030,61
S0000000031,M00043,71
S0000000032,M00058,94
S0000000033,M00073,79
S0000000034,M00088,88
S0000000035,M00103,98
S0000000036,M00118,69
S0000000037,M00006,84
S0000000038,M00018,76
S0000000039,M00030,40
S0000000040,M00043,94
S0000000041,M00058,57
S0000000042,M00073,87
S0000000043,M00088,67
S0000000044,M00103,56
S0000000045,M00118,55
S0000000046,M00006,75
S0000000047,M00018,50
S0000000048,M00030,94
S0000000049,M00043,93
S0000000050,M00058,62
S0000000051,M00073,86
S0000000052,M00088,99
S0000000053,M00103,90
S0000000054,M00118,45
S0000000055,M00006,77
S0000000056,M00018,95
S0000000057,M00030,96
S0000000058,M00043,64
S0000000059,M00058,95
S0000000060,M00073,81
S0000000061,M00088,50
S0000000062,M00103,83
S0000000063,M00118,85
S0000000064,M00006,92
S0000000065,M00018,63
S0000000066,M00030,61
S0000000067,M00043,91
S0000000068,M00058,60
S0000000069,M00073,96
S0000000070,M00088,90
S0000000071,M00103,45
S0000000072,M00118,58
S0000000073,M00006,62
S0000000074,M00018,98
S0000000075,M00030,55
S0000000076,M00043,87
S0000000077,M00058,83
S0000000078,M00073,90
S0000000079,M00088,65
S0000000080,M00103,50
S0000000081,M00118,69
S0000000082,M00006,48
S0000000083,M00018,76
S0000000084,M00030,93
S0000000085,M00043,74
S0000000086,M00058,81
S0000000087,M00073,67
S0000000088,M00088,99
S0000000089,M00103,69
S0000000090,M00118,76
S0000000091,M00006,95
S0000000092,M00018,50
S0000000093,M00030,93
S0000000094,M00043,81
S0000000095,M00058,65
S0000000096,M00073,88
S0000000097,M00088,83
S0000000098,M00103,86
S0000000099,M00118,87
S0000000100,M00006,91
S0000000101,M00018,85
S0000000102,M00030,99
S0000000103,M00043,89
S0000000104,M00058,58
S0000000105,M00073,48
S0000000106,M00088,71
S0000000107,M00103,68
S0000000108,M00118,42
S0000000109,M00006,56
S0000000110,M00018,40
S0000000111,M00030,76
S0000000112,M00043,83
S0000000113,M00058,93
S0000000114,M00073,82
S0000000115,M00088,65
S0000000116,M00103,74
S0000000117,M00118,93
S0000000118,M00006,75
S0000000119,M00018,78
S0000000120,M00030,96
S0000000121,M00043,76
S0000000122,M00058,97
S0000000123,M00073,35
S0000000124,M00088,49
S0000000125,M00103,65
S0000000126,M00118,73
S0000000127,M00006,99
S0000000128,M00018,89
S0000000129,M00030,76
S0000000130,M00043,87
S0000000131,M00058,47
S0000000132,M00073,59
S0000000133,M00088,85
S0000000134,M00103,72
S0000000135,M00118,74
S0000000136,M00006,97
S0000000137,M00018,54
S0000000138,M00030,68
S0000000139,M00043,61
S0000000140,M00058,71
S0000000141,M00073,94
S0000000142,M00088,79
S0000000143,M00103,88
S0000000144,M00118,98
S0000000145,M00006,69
S0000000146,M00018,84
S0000000147,M00030,76
S0000000148,M00043,40
S0000000149,M00058,94
S0000000150,M00073,57
S0000000151,M00088,87
S0000000152,M00103,67
S0000000153,M00118,56
S0000000154,M00006,55
S0000000155,M00018,75
S0000000156,M00030,50
S0000000157,M00043,94
S0000000158,M00058,93
S0000000159,M00073,62
S0000000160,M00088,86
S0000000161,M00103,99
S0000000162,M00118,90
S0000000163,M00006,45
S0000000164,M00018,77
S0000000165,M00030,95
S0000000166,M00043,96
S0000000167,M00058,64
S0000000168,M00073,95
S0000000169,M00088,81
S0000000170,M00103,50
S0000000171,M00118,83
S0000000172,M00006,85
S0000000173,M00018,92
S0000000174,M00030,63
S0000000175,M00043,61
S0000000176,M00058,91
S0000000177,M00073,60
S0000000178,M00088,96
S0000000179,M00103,90
S0000000180,M00118,45
S0000000181,M00006,58
S0000000182,M00018,62
S0000000183,M00030,98
S0000000184,M00043,55
S0000000185,M00058,87
S0000000186,M00073,83
S0000000187,M00088,90
S0000000188,M00103,65
S0000000189,M00118,50
S0000000190,M00006,69
S0000000191,M00018,48
S0000000192,M00030,76
S0000000193,M00043,93
S0000000194,M00058,74
S0000000195,M00073,81
S0000000196,M00088,67
S0000000197,M00103,99
S0000000198,M00118,69
S0000000199,M00006,76
S0000000200,M00018,95
S0000000201,M00030,50
S0000000202,M00043,93
S0000000203,M00058,81
S0000000204,M00073,65
S0000000205,M00088,88
S0000000206,M00103,83
S0000000207,M00118,86
S0000000208,M00006,87
S0000000209,M00018,91
S0000000210,M00030,85
S0000000211,M00043,99
S0000000212,M00058,89
S0000000213,M00073,58
S0000000214,M00088,48
S0000000215,M00103,71
S0000000216,M00118,68
S0000000217,M00006,42
S0000000218,M00018,56
S0000000219,M00030,40
S0000000220,M00043,76
S0000000221,M00058,83
S0000000222,M00073,93
S0000000223,M00088,82
S0000000224,M00103,65
S0000000225,M00118,74
S0000000226,M00006,93
S0000000227,M00018,75
S0000000228,M00030,78
S0000000229,M00043,96
S0000000230,M00058,76
S0000000231,M00073,97
S0000000232,M00088,35
S0000000233,M00103,49
S0000000234,M00118,65
S0000000235,M00006,73
S0000000236,M00018,99
S0000000237,M00030,89
S0000000238,M00043,76
S0000000239,M00058,87
S0000000240,M00073,47
S0000000241,M00088,59
S0000000242,M00103,85
S0000000243,M00118,72
S0000000244,M00006,74
S0000000245,M00018,97
S0000000246,M00030,54
S0000000247,M00043,68
S0000000248,M00058,61
S0000000249,M00073,71
S0000000250,M00088,94
S0000000251,M00103,79
S0000000252,M00118,88
S0000000253,M00006,98
S0000000254,M00018,69
S0000000255,M00030,84
S0000000256,M00043,76
S0000000257,M00058,40
S0000000258,M00073,94
S0000000259,M00088,57
S0000000260,M00103,87
S0000000261,M00118,67
S0000000262,M00006,56
S0000000263,M00018,55
S0000000264,M00030,75
S0000000265,M00043,50
S0000000266,M00058,94
S0000000267,M00073,93
S0000000268,M00088,62
S0000000269,M00103,86
S0000000270,M00118,99
S0000000271,M00006,90
S0000000272,M00018,45
S0000000273,M00030,77
S0000000274,M00043,95
S0000000275,M00058,96
S0000000276,M00073,64
S0000000277,M00088,95
S0000000278,M00103,81
S0000000279,M00118,50
S0000000280,M00006,83
S0000000281,M00018,85
S0000000282,M00030,92
S0000000283,M00043,63
S0000000284,M00058,61
S0000000285,M00073,91
S0000000286,M00088,60
S0000000287,M00103,96
S0000000288,M00118,90
S0000000289,M00006,45
S0000000290,M00018,58
S0000000291,M00030,62
S0000000292,M00043,98
S0000000293,M00058,55
S0000000294,M00073,87
S0000000295,M00088,83
S0000000296,M00103,90
S0000000297,M00118,65
S0000000298,M00006,50
S0000000299,M00018,69
S0000000300,M00030,48
S0000000301,M00043,76
S0000000302,M00058,93
S0000000303,M00073,74
S0000000304,M00088,81
S0000000305,M00103,67
S0000000306,M00118,99
S0000000307,M00006,69
S0000000308,M00018,76
S0000000309,M00030,95
S0000000310,M00043,50
S0000000311,M00058,93
S0000000312,M00073,81
S0000000313,M00088,65
S0000000314,M00103,88
S0000000315,M00118,83
S0000000316,M00006,86
S0000000317,M00018,87
S0000000318,M00030,91
S0000000319,M00043,85
S0000000320,M00058,99
S0000000321,M00073,89
S0000000322,M00088,58
S0000000323,M00103,48
S0000000324,M00118,71
S0000000325,M00006,68
S0000000326,M00018,42
S0000000327,M00030,56
S0000000328,M00043,40
S0000000329,M00058,76
S0000000330,M00073,83
S0000000331,M00088,93
S0000000332,M00103,82
S0000000333,M00118,65
S0000000334,M00006,74
S0000000335,M00018,93
S0000000336,M00030,75
S0000000337,M00043,78
S0000000338,M00058,96
S0000000339,M00073,76
S0000000340,M00088,97
S0000000341,M00103,35
S0000000342,M00118,49
S0000000343,M00006,65
S0000000344,M00018,73
S0000000345,M00030,99
S0000000346,M00043,89
S0000000347,M00058,76
S0000000348,M00073,87
S0000000349,M00088,47
S0000000350,M00103,59
S0000000001,M00007,85
S0000000002,M00019,72
S0000000003,M00031,74
S0000000004,M00044,97
S0000000005,M00059,54
S0000000006,M00074,68
S0000000007,M00089,61
S0000000008,M00104,71
S0000000009,M00119,94
S0000000010,M00007,79
S0000000011,M00019,88
S0000000012,M00031,98
S0000000013,M00044,69
S0000000014,M00059,84
S0000000015,M00074,76
S0000000016,M00089,40
S0000000017,M00104,94
S0000000018,M00119,57
S0000000019,M00007,87
S0000000020,M00019,67
S0000000021,M00031,56
S0000000022,M00044,55
S0000000023,M00059,75
S0000000024,M00074,50
S0000000025,M00089,94
S0000000026,M00104,93
S0000000027,M00119,62
S0000000028,M00007,86
S0000000029,M00019,99
S0000000030,M00031,90
S0000000031,M00044,45
S0000000032,M00059,77
S0000000033,M00074,95
S0000000034,M00089,96
S0000000035,M00104,64
S0000000036,M00119,95
S0000000037,M00007,81
S0000000038,M00019,50
S0000000039,M00031,83
S0000000040,M00044,85
S0000000041,M00059,92
S0000000042,M00074,63
S0000000043,M00089,61
S0000000044,M00104,91
S0000000045,M00119,60
S0000000046,M00007,96
S0000000047,M00019,90
S0000000048,M00031,45
S0000000049,M00044,58
S0000000050,M00059,62
S0000000051,M00074,98
S0000000052,M00089,55
S0000000053,M00104,87
S0000000054,M00119,83
S0000000055,M00007,90
S0000000056,M00019,65
S0000000057,M00031,50
S0000000058,M00044,69
S0000000059,M00059,48
S0000000060,M00074,76
S0000000061,M00089,93
S0000000062,M00104,74
S0000000063,M00119,81
S0000000064,M00007,67
S0000000065,M00019,99
S0000000066,M00031,69
S0000000067,M00044,76
S0000000068,M00059,95
S0000000069,M00074,50
S0000000070,M00089,93
S0000000071,M00104,81
S0000000072,M00119,65
S0000000073,M00007,88
S0000000074,M00019,83
S0000000075,M00031,86
S0000000076,M00044,87
S0000000077,M00059,91
S0000000078,M00074,85
S0000000079,M00089,99
S0000000080,M00104,89
S0000000081,M00119,58
S0000000082,M00007,48
S0000000083,M00019,71
S0000000084,M00031,68
S0000000085,M00044,42
S0000000086,M00059,56
S0000000087,M00074,40
S0000000088,M00089,76
S0000000089,M00104,83
S0000000090,M00119,93
S0000000091,M00007,82
S0000000092,M00019,65
S0000000093,M00031,74
S0000000094,M00044,93
S0000000095,M00059,75
S0000000096,M00074,78
S0000000097,M00089,96
S0000000098,M00104,76
S0000000099,M00119,97
S0000000100,M00007,35
S0000000101,M00019,75
S0000000102,M00031,90
S0000000103,M00044,58
S0000000104,M00059,92
S0000000105,M00074,82
S0000000106,M00089,49
S0000000107,M00104,65
S0000000108,M00119,73
S0000000109,M00007,99
S0000000110,M00019,89
S0000000111,M00031,76
S0000000112,M00044,87
S0000000113,M00059,47
S0000000114,M00074,59
S0000000115,M00089,85
S0000000116,M00104,72
S0000000117,M00119,74
S0000000118,M00007,97
S0000000119,M00019,54
S0000000120,M00031,68
S0000000121,M00044,61
S0000000122,M00059,71
S0000000123,M00074,94
S0000000124,M00089,79
S0000000125,M00104,88
S0000000126,M00119,98
S0000000127,M00007,69
S0000000128,M00019,84
S0000000129,M00031,76
S0000000130,M00044,40
S0000000131,M00059,94
S0000000132,M00074,57
S0000000133,M00089,87
S0000000134,M00104,67
S0000000135,M00119,56
S0000000136,M00007,55
S0000000137,M00019,75
S0000000138,M00031,50
S0000000139,M00044,94
S0000000140,M00059,93
S0000000141,M00074,62
S0000000142,M00089,86
S0000000143,M00104,99
S0000000144,M00119,90
S0000000145,M00007,45
S0000000146,M00019,77
S0000000147,M00031,95
S0000000148,M00044,96
S0000000149,M00059,64
S0000000150,M00074,95
S0000000151,M00089,81
S0000000152,M00104,50
S0000000153,M00119,83
S0000000154,M00007,85
S0000000155,M00019,92
S0000000156,M00031,63
S0000000157,M00044,61
S0000000158,M00059,91
S0000000159,M00074,60
S0000000160,M00089,96
S0000000161,M00104,90
S0000000162,M00119,45
S0000000163,M00007,58
S0000000164,M00019,62
S0000000165,M00031,98
S0000000166,M00044,55
S0000000167,M00059,87
S0000000168,M00074,83
S0000000169,M00089,90
S0000000170,M00104,65
S0000000171,M00119,50
S0000000172,M00007,69
S0000000173,M00019,48
S0000000174,M00031,76
S0000000175,M00044,93
S0000000176,M00059,74
S0000000177,M00074,81
S0000000178,M00089,67
S0000000179,M00104,99
S0000000180,M00119,69
S0000000181,M00007,76
S0000000182,M00019,95
S0000000183,M00031,50
S0000000184,M00044,93
S0000000185,M00059,81
S0000000186,M00074,65
S0000000187,M00089,88
S0000000188,M00104,83
S0000000189,M00119,86
S0000000190,M00007,87
S0000000191,M00019,91
S0000000192,M00031,85
S0000000193,M00044,99
S0000000194,M00059,89
S0000000195,M00074,58
S0000000196,M00089,48
S0000000197,M00104,71
S0000000198,M00119,68
S0000000199,M00007,42
S0000000200,M00019,56
S0000000201,M00031,40
S0000000202,M00044,76
S0000000203,M00059,83
S0000000204,M00074,93
S0000000205,M00089,82
S0000000206,M00104,65
S0000000207,M00119,74
S0000000208,M00007,93
S0000000209,M00019,75
S0000000210,M00031,78
S0000000211,M00044,96
S0000000212,M00059,76
S0000000213,M00074,97
S0000000214,M00089,35
S0000000215,M00104,49
S0000000216,M00119,65
S0000000217,M00007,73
S0000000218,M00019,99
S0000000219,M00031,89
S0000000220,M00044,76
S0000000221,M00059,87
S0000000222,M00074,47
S0000000223,M00089,59
S0000000224,M00104,85
S0000000225,M00119,72
S0000000226,M00007,74
S0000000227,M00019,97
S0000000228,M00031,54
S0000000229,M00044,68
S0000000230,M00059,61
S0000000231,M00074,71
S0000000232,M00089,94
S0000000233,M00104,79
S0000000234,M00119,88
S0000000235,M00007,98
S0000000236,M00019,69
S0000000237,M00031,84
S0000000238,M00044,76
S0000000239,M00059,40
S0000000240,M00074,94
S0000000241,M00089,57
S0000000242,M00104,87
S0000000243,M00119,67
S0000000244,M00007,56
S0000000245,M00019,55
S0000000246,M00031,75
S0000000247,M00044,50
S0000000248,M00059,94
S0000000249,M00074,93
S0000000250,M00089,62
S0000000251,M00104,86
S0000000252,M00119,99
S0000000253,M00007,90
S0000000254,M00019,45
S0000000255,M00031,77
S0000000256,M00044,95
S0000000257,M00059,96
S0000000258,M00074,64
S0000000259,M00089,95
S0000000260,M00104,81
S0000000261,M00119,50
S0000000262,M00007,83
S0000000263,M00019,85
S0000000264,M00031,92
S0000000265,M00044,63
S0000000266,M00059,61
S0000000267,M00074,91
S0000000268,M00089,60
S0000000269,M00104,96
S0000000270,M00119,90
S0000000271,M00007,45
S0000000272,M00019,58
S0000000273,M00031,62
S0000000274,M00044,98
S0000000275,M00059,55
S0000000276,M00074,87
S0000000277,M00089,83
S0000000278,M00104,90
S0000000279,M00119,65
S0000000280,M00007,50
S0000000281,M00019,69
S0000000282,M00031,48
S0000000283,M00044,76
S0000000284,M00059,93
S0000000285,M00074,74
S0000000286,M00089,81
S0000000287,M00104,67
S0000000288,M00119,99
S0000000289,M00007,69
S0000000290,M00019,76
S0000000291,M00031,95
S0000000292,M00044,50
S0000000293,M00059,93
S0000000294,M00074,81
S0000000295,M00089,65
S0000000296,M00104,88
S0000000297,M00119,83
S0000000298,M00007,86
S0000000299,M00019,87
S0000000300,M00031,91
S0000000301,M00044,85
S0000000302,M00059,99
S0000000303,M00074,89
S0000000304,M00089,58
S0000000305,M00104,48
S0000000306,M00119,71
S0000000307,M00007,68
S0000000308,M00019,42
S0000000309,M00031,56
S0000000310,M00044,40
S0000000311,M00059,76
S0000000312,M00074,83
S0000000313,M00089,93
S0000000314,M00104,82
S0000000315,M00119,65
S0000000316,M00007,74
S0000000317,M00019,93
S0000000318,M00031,75
S0000000319,M00044,78
S0000000320,M00059,96
S0000000321,M00074,76
S0000000322,M00089,97
S0000000323,M00104,35
S0000000324,M00119,49
S0000000325,M00007,65
S0000000326,M00019,73
S0000000327,M00031,99
S0000000328,M00044,89
S0000000329,M00059,76
S0000000330,M00074,87
S0000000331,M00089,47
S0000000332,M00104,59
S0000000333,M00119,85
S0000000334,M00007,72
S0000000335,M00019,74
S0000000336,M00031,97
S0000000337,M00044,54
S0000000338,M00059,68
S0000000339,M00074,61
S0000000340,M00089,71
S0000000341,M00104,94
S0000000342,M00119,79
S0000000343,M00007,88
S0000000344,M00019,98
S0000000345,M00031,69
S0000000346,M00044,84
S0000000347,M00059,76
S0000000348,M00074,40
S0000000349,M00089,94
S0000000350,M00104,57
S0000000001,M00008,87
S0000000002,M00020,67
S0000000003,M00032,56
S0000000004,M00045,55
S0000000005,M00060,75
S0000000006,M00075,50
S0000000007,M00090,94
S0000000008,M00105,93
S0000000009,M00120,62
S0000000010,M00008,86
S0000000011,M00020,99
S0000000012,M00032,90
S0000000013,M00045,45
S0000000014,M00060,77
S0000000015,M00075,95
S0000000016,M00090,96
S0000000017,M00105,64
S0000000018,M00120,95
S0000000019,M00008,81
S0000000020,M00020,50
S0000000021,M00032,83
S0000000022,M00045,85
S0000000023,M00060,92
S0000000024,M00075,63
S0000000025,M00090,61
S0000000026,M00105,91
S0000000027,M00120,60
S0000000028,M00008,96
S0000000029,M00020,90
S0000000030,M00032,45
S0000000031,M00045,58
S0000000032,M00060,62
S0000000033,M00075,98
S0000000034,M00090,55
S0000000035,M00105,87
S0000000036,M00120,83
S0000000037,M00008,90
S0000000038,M00020,65
S0000000039,M00032,50
S0000000040,M00045,69
S0000000041,M00060,48
S0000000042,M00075,76
S0000000043,M00090,93
S0000000044,M00105,74
S0000000045,M00120,81
S0000000046,M00008,67
S0000000047,M00020,99
S0000000048,M00032,69
S0000000049,M00045,76
S0000000050,M00060,95
S0000000051,M00075,50
S0000000052,M00090,93
S0000000053,M00105,81
S0000000054,M00120,65
S0000000055,M00008,88
S0000000056,M00020,83
S0000000057,M00032,86
S0000000058,M00045,87
S0000000059,M00060,91
S0000000060,M00075,85
S0000000061,M00090,99
S0000000062,M00105,89
S0000000063,M00120,58
S0000000064,M00008,48
S0000000065,M00020,71
S0000000066,M00032,68
S0000000067,M00045,42
S0000000068,M00060,56
S0000000069,M00075,40
S0000000070,M00090,76
S0000000071,M00105,83
S0000000072,M00120,93
S0000000073,M00008,82
S0000000074,M00020,65
S0000000075,M00032,74
S0000000076,M00045,93
S0000000077,M00060,75
S0000000078,M00075,78
S0000000079,M00090,96
S0000000080,M00105,76
S0000000081,M00120,97
S0000000082,M00008,35
S0000000083,M00020,49
S0000000084,M00032,65
S0000000085,M00045,73
S0000000086,M00060,99
S0000000087,M00075,89
S0000000088,M00090,76
S0000000089,M00105,87
S0000000090,M00120,47
S0000000091,M00008,59
S0000000092,M00020,85
S0000000093,M00032,72
S0000000094,M00045,74
S0000000095,M00060,97
S0000000096,M00075,54
S0000000097,M00090,68
S0000000098,M00105,61
S0000000099,M00120,71
S0000000100,M00008,94
S0000000101,M00020,79
S0000000102,M00032,88
S0000000103,M00045,98
S0000000104,M00060,69
S0000000105,M00075,84
S0000000106,M00090,76
S0000000107,M00105,40
S0000000108,M00120,94
S0000000109,M00008,57
S0000000110,M00020,87
S0000000111,M00032,67
S0000000112,M00045,56
S0000000113,M00060,55
S0000000114,M00075,75
S0000000115,M00090,50
S0000000116,M00105,94
S0000000117,M00120,93
S0000000118,M00008,62
S0000000119,M00020,86
S0000000120,M00032,99
S0000000121,M00045,90
S0000000122,M00060,45
S0000000123,M00075,77
S0000000124,M00090,95
S0000000125,M00105,96
S0000000126,M00120,64
S0000000127,M00008,95
S0000000128,M00020,81
S0000000129,M00032,50
S0000000130,M00045,83
S0000000131,M00060,85
S0000000132,M00075,92
S0000000133,M00090,63
S0000000134,M00105,61
S0000000135,M00120,91
S0000000136,M00008,60
S0000000137,M00020,96
S0000000138,M00032,90
S0000000139,M00045,45
S0000000140,M00060,58
S0000000141,M00075,62
S0000000142,M00090,98
S0000000143,M00105,55
S0000000144,M00120,87
S0000000145,M00008,83
S0000000146,M00020,90
S0000000147,M00032,65
S0000000148,M00045,50
S0000000149,M00060,69
S0000000150,M00075,48
S0000000151,M00090,76
S0000000152,M00105,93
S0000000153,M00120,74
S0000000154,M00008,81
S0000000155,M00020,67
S0000000156,M00032,99
S0000000157,M00045,69
S0000000158,M00060,76
S0000000159,M00075,95
S0000000160,M00090,50
S0000000161,M00105,93
S0000000162,M00120,81
S0000000163,M00008,65
S0000000164,M00020,88
S0000000165,M00032,83
S0000000166,M00045,86
S0000000167,M00060,87
S0000000168,M00075,91
S0000000169,M00090,85
S0000000170,M00105,99
S0000000171,M00120,89
S0000000172,M00008,58
S0000000173,M00020,48
S0000000174,M00032,71
S0000000175,M00045,68
S0000000176,M00060,42
S0000000177,M00075,56
S0000000178,M00090,40
S0000000179,M00105,76
S0000000180,M00120,83
S0000000181,M00008,93
S0000000182,M00020,82
S0000000183,M00032,65
S0000000184,M00045,74
S0000000185,M00060,93
S0000000186,M00075,75
S0000000187,M00090,78
S0000000188,M00105,96
S0000000189,M00120,76
S0000000190,M00008,97
S0000000191,M00020,35
S0000000192,M00032,49
S0000000193,M00045,65
S0000000194,M00060,73
S0000000195,M00075,99
S0000000196,M00090,89
S0000000197,M00105,76
S0000000198,M00120,87
S0000000199,M00008,47
S0000000200,M00020,59
S0000000201,M00032,85
S0000000202,M00045,72
S0000000203,M00060,74
S0000000204,M00075,97
S0000000205,M00090,54
S0000000206,M00105,68
S0000000207,M00120,61
S0000000208,M00008,71
S0000000209,M00020,94
S0000000210,M00032,79
S0000000211,M00045,88
S0000000212,M00060,98
S0000000213,M00075,69
S0000000214,M00090,84
S0000000215,M00105,76
S0000000216,M00120,40
S0000000217,M00008,94
S0000000218,M00020,57
S0000000219,M00032,87
S0000000220,M00045,67
S0000000221,M00060,56
S0000000222,M00075,55
S0000000223,M00090,75
S0000000224,M00105,50
S0000000225,M00120,94
S0000000226,M00008,93
S0000000227,M00020,62
S0000000228,M00032,86
S0000000229,M00045,99
S0000000230,M00060,90
S0000000231,M00075,45
S0000000232,M00090,77
S0000000233,M00105,95
S0000000234,M00120,96
S0000000235,M00008,64
S0000000236,M00020,95
S0000000237,M00032,81
S0000000238,M00045,50
S0000000239,M00060,83
S0000000240,M00075,85
S0000000241,M00090,92
S0000000242,M00105,63
S0000000243,M00120,61
S0000000244,M00008,91
S0000000245,M00020,60
S0000000246,M00032,96
S0000000247,M00045,90
S0000000248,M00060,45
S0000000249,M00075,58
S0000000250,M00090,62
S0000000251,M00105,98
S0000000252,M00120,55
S0000000253,M00008,87
S0000000254,M00020,83
S0000000255,M00032,90
S0000000256,M00045,65
S0000000257,M00060,50
S0000000258,M00075,69
S0000000259,M00090,48
S0000000260,M00105,76
S0000000261,M00120,93
S0000000262,M00008,74
S0000000263,M00020,81
S0000000264,M00032,67
S0000000265,M00045,99
S0000000266,M00060,69
S0000000267,M00075,76
S0000000268,M00090,95
S0000000269,M00105,50
S0000000270,M00120,93
S0000000271,M00008,81
S0000000272,M00020,65
S0000000273,M00032,88
S0000000274,M00045,83
S0000000275,M00060,86
S0000000276,M00075,87
S0000000277,M00090,91
S0000000278,M00105,85
S0000000279,M00120,99
S0000000280,M00008,89
S0000000281,M00020,58
S0000000282,M00032,48
S0000000283,M00045,71
S0000000284,M00060,68
S0000000285,M00075,42
S0000000286,M00090,56
S0000000287,M00105,40
S0000000288,M00120,76
S0000000289,M00008,83
S0000000290,M00020,93
S0000000291,M00032,82
S0000000292,M00045,65
S0000000293,M00060,74
S0000000294,M00075,93
S0000000295,M00090,75
S0000000296,M00105,78
S0000000297,M00120,96
S0000000298,M00008,76
S0000000299,M00020,97
S0000000300,M00032,35
S0000000301,M00045,75
S0000000302,M00060,90
S0000000303,M00075,58
S0000000304,M00090,92
S0000000305,M00105,82
S0000000306,M00120,49
S0000000307,M00008,65
S0000000308,M00020,73
S0000000309,M00032,99
S0000000310,M00045,89
S0000000311,M00060,76
S0000000312,M00075,87
S0000000313,M00090,47
S0000000314,M00105,59
S0000000315,M00120,85
S0000000316,M00008,72
S0000000317,M00020,74
S0000000318,M00032,97
S0000000319,M00045,54
S0000000320,M00060,68
S0000000321,M00075,61
S0000000322,M00090,71
S0000000323,M00105,94
S0000000324,M00120,79
S0000000325,M00008,88
S0000000326,M00020,98
S0000000327,M00032,69
S0000000328,M00045,84
S0000000329,M00060,76
S0000000330,M00075,40
S0000000331,M00090,94
S0000000332,M00105,57
S0000000333,M00120,87
S0000000334,M00008,67
S0000000335,M00020,56
S0000000336,M00032,55
S0000000337,M00045,75
S0000000338,M00060,50
S0000000339,M00075,94
S0000000340,M00090,93
S0000000341,M00105,62
S0000000342,M00120,86
S0000000343,M00008,99
S0000000344,M00020,90
S0000000345,M00032,45
S0000000346,M00045,77
S0000000347,M00060,95
S0000000348,M00075,96
S0000000349,M00090,64
S0000000350,M00105,95
S0000000001,M00009,81
S0000000002,M00021,50
S0000000003,M00033,83
S0000000004,M00046,85
S0000000005,M00061,92
S0000000006,M00076,63
S0000000007,M00091,61
S0000000008,M00106,91
S0000000009,M00121,60
S0000000010,M00009,96
S0000000011,M00021,90
S0000000012,M00033,45
S0000000013,M00046,58
S0000000014,M00061,62
S0000000015,M00076,98
S0000000016,M00091,55
S0000000017,M00106,87
S0000000018,M00121,83
S0000000019,M00009,90
S0000000020,M00021,65
S0000000021,M00033,50
S0000000022,M00046,69
S0000000023,M00061,48
S0000000024,M00076,76
S0000000025,M00091,93
S0000000026,M00106,74
S0000000027,M00121,81
S0000000028,M00009,67
S0000000029,M00021,99
S0000000030,M00033,69
S0000000031,M00046,76
S0000000032,M00061,95
S0000000033,M00076,50
S0000000034,M00091,93
S0000000035,M00106,81
S0000000036,M00121,65
S0000000037,M00009,88
S0000000038,M00021,83
S0000000039,M00033,86
S0000000040,M00046,87
S0000000041,M00061,91
S0000000042,M00076,85
S0000000043,M00091,99
S0000000044,M00106,89
S0000000045,M00121,58
S0000000046,M00009,48
S0000000047,M00021,71
S0000000048,M00033,68
S0000000049,M00046,42
S0000000050,M00061,56
S0000000051,M00076,40
S0000000052,M00091,76
S0000000053,M00106,83
S0000000054,M00121,93
S0000000055,M00009,82
S0000000056,M00021,65
S0000000057,M00033,74
S0000000058,M00046,93
S0000000059,M00061,75
S0000000060,M00076,78
S0000000061,M00091,96
S0000000062,M00106,76
S0000000063,M00121,97
S0000000064,M00009,35
S0000000065,M00021,49
S0000000066,M00033,65
S0000000067,M00046,73
S0000000068,M00061,99
S0000000069,M00076,89
S0000000070,M00091,76
S0000000071,M00106,87
S0000000072,M00121,47
S0000000073,M00009,59
S0000000074,M00021,85
S0000000075,M00033,72
S0000000076,M00046,74
S0000000077,M00061,97
S0000000078,M00076,54
S0000000079,M00091,68
S0000000080,M00106,61
S0000000081,M00121,71
S0000000082,M00009,94
S0000000083,M00021,79
S0000000084,M00033,88
S0000000085,M00046,98
S0000000086,M00061,69
S0000000087,M00076,84
S0000000088,M00091,76
S0000000089,M00106,40
S0000000090,M00121,94
S0000000091,M00009,57
S0000000092,M00021,87
S0000000093,M00033,67
S0000000094,M00046,56
S0000000095,M00061,55
S0000000096,M00076,75
S0000000097,M00091,50
S0000000098,M00106,94
S0000000099,M00121,93
S0000000100,M00009,62
S0000000101,M00021,86
S0000000102,M00033,99
S0000000103,M00046,90
S0000000104,M00061,45
S0000000105,M00076,77
S0000000106,M00091,95
S0000000107,M00106,96
S0000000108,M00121,64
S0000000109,M00009,95
S0000000110,M00021,81
S0000000111,M00033,50
S0000000112,M00046,83
S0000000113,M00061,85
S0000000114,M00076,92
S0000000115,M00091,63
S0000000116,M00106,61
S0000000117,M00121,91
S0000000118,M00009,60
S0000000119,M00021,96
S0000000120,M00033,90
S0000000121,M00046,45
S0000000122,M00061,58
S0000000123,M00076,62
S0000000124,M00091,98
S0000000125,M00106,55
S0000000126,M00121,87
S0000000127,M00009,83
S0000000128,M00021,90
S0000000129,M00033,65
S0000000130,M00046,50
S0000000131,M00061,69
S0000000132,M00076,48
S0000000133,M00091,76
S0000000134,M00106,93
S0000000135,M00121,74
S0000000136,M00009,81
S0000000137,M00021,67
S0000000138,M00033,99
S0000000139,M00046,69
S0000000140,M00061,76
S0000000141,M00076,95
S0000000142,M00091,50
S0000000143,M00106,93
S0000000144,M00121,81
S0000000145,M00009,65
S0000000146,M00021,88
S0000000147,M00033,83
S0000000148,M00046,86
S0000000149,M00061,87
S0000000150,M00076,91
S0000000151,M00091,85
S0000000152,M00106,99
S0000000153,M00121,89
S0000000154,M00009,58
S0000000155,M00021,48
S0000000156,M00033,71
S0000000157,M00046,68
S0000000158,M00061,42
S0000000159,M00076,56
S0000000160,M00091,40
S0000000161,M00106,76
S0000000162,M00121,83
S0000000163,M00009,93
S0000000164,M00021,82
S0000000165,M00033,65
S0000000166,M00046,74
S0000000167,M00061,93
S0000000168,M00076,75
S0000000169,M00091,78
S0000000170,M00106,96
S0000000171,M00121,76
S0000000172,M00009,97
S0000000173,M00021,35
S0000000174,M00033,49
S0000000175,M00046,65
S0000000176,M00061,73
S0000000177,M00076,99
S0000000178,M00091,89
S0000000179,M00106,76
S0000000180,M00121,87
S0000000181,M00009,47
S0000000182,M00021,59
S0000000183,M00033,85
S0000000184,M00046,72
S0000000185,M00061,74
S0000000186,M00076,97
S0000000187,M00091,54
S0000000188,M00106,68
S0000000189,M00121,61
S0000000190,M00009,71
S0000000191,M00021,94
S0000000192,M00033,79
S0000000193,M00046,88
S0000000194,M00061,98
S0000000195,M00076,69
S0000000196,M00091,84
S0000000197,M00106,76
S0000000198,M00121,40
S0000000199,M00009,94
S0000000200,M00021,57
S0000000201,M00033,87
S0000000202,M00046,67
S0000000203,M00061,56
S0000000204,M00076,55
S0000000205,M00091,75
S0000000206,M00106,50
S0000000207,M00121,94
S0000000208,M00009,93
S0000000209,M00021,62
S0000000210,M00033,86
S0000000211,M00046,99
S0000000212,M00061,90
S0000000213,M00076,45
S0000000214,M00091,77
S0000000215,M00106,95
S0000000216,M00121,96
S0000000217,M00009,64
S0000000218,M00021,95
S0000000219,M00033,81
S0000000220,M00046,50
S0000000221,M00061,83
S0000000222,M00076,85
S0000000223,M00091,92
S0000000224,M00106,63
S0000000225,M00121,61
S0000000226,M00009,91
S0000000227,M00021,60
S0000000228,M00033,96
S0000000229,M00046,90
S0000000230,M00061,45
S0000000231,M00076,58
S0000000232,M00091,62
S0000000233,M00106,98
S0000000234,M00121,55
S0000000235,M00009,87
S0000000236,M00021,83
S0000000237,M00033,90
S0000000238,M00046,65
S0000000239,M00061,50
S0000000240,M00076,69
S0000000241,M00091,48
S0000000242,M00106,76
S0000000243,M00121,93
S0000000244,M00009,74
S0000000245,M00021,81
S0000000246,M00033,67
S0000000247,M00046,99
S0000000248,M00061,69
S0000000249,M00076,76
S0000000250,M00091,95
S0000000251,M00106,50
S0000000252,M00121,93
S0000000253,M00009,81
S0000000254,M00021,65
S0000000255,M00033,88
S0000000256,M00046,83
S0000000257,M00061,86
S0000000258,M00076,87
S0000000259,M00091,91
S0000000260,M00106,85
S0000000261,M00121,99
S0000000262,M00009,89
S0000000263,M00021,58
S0000000264,M00033,48
S0000000265,M00046,71
S0000000266,M00061,68
S0000000267,M00076,42
S0000000268,M00091,56
S0000000269,M00106,40
S0000000270,M00121,76
S0000000271,M00009,83
S0000000272,M00021,93
S0000000273,M00033,82
S0000000274,M00046,65
S0000000275,M00061,74
S0000000276,M00076,93
S0000000277,M00091,75
S0000000278,M00106,78
S0000000279,M00121,96
S0000000280,M00009,76
S0000000281,M00021,97
S0000000282,M00033,35
S0000000283,M00046,49
S0000000284,M00061,65
S0000000285,M00076,73
S0000000286,M00091,99
S0000000287,M00106,89
S0000000288,M00121,76
S0000000289,M00009,87
S0000000290,M00021,47
S0000000291,M00033,59
S0000000292,M00046,85
S0000000293,M00061,72
S0000000294,M00076,74
S0000000295,M00091,97
S0000000296,M00106,54
S0000000297,M00121,68
S0000000298,M00009,61
S0000000299,M00021,71
S0000000300,M00033,94
S0000000301,M00046,79
S0000000302,M00061,88
S0000000303,M00076,98
S0000000304,M00091,69
S0000000305,M00106,84
S0000000306,M00121,76
S0000000307,M00009,40
S0000000308,M00021,94
S0000000309,M00033,57
S0000000310,M00046,87
S0000000311,M00061,67
S0000000312,M00076,56
S0000000313,M00091,55
S0000000314,M00106,75
S0000000315,M00121,50
S0000000316,M00009,94
S0000000317,M00021,93
S0000000318,M00033,62
S0000000319,M00046,86
S0000000320,M00061,99
S0000000321,M00076,90
S0000000322,M00091,45
S0000000323,M00106,77
S0000000324,M00121,95
S0000000325,M00009,96
S0000000326,M00021,64
S0000000327,M00033,95
S0000000328,M00046,81
S0000000329,M00061,50
S0000000330,M00076,83
S0000000331,M00091,85
S0000000332,M00106,92
S0000000333,M00121,63
S0000000334,M00009,61
S0000000335,M00021,91
S0000000336,M00033,60
S0000000337,M00046,96
S0000000338,M00061,90
S0000000339,M00076,45
S0000000340,M00091,58
S0000000341,M00106,62
S0000000342,M00121,98
S0000000343,M00009,55
S0000000344,M00021,87
S0000000345,M00033,83
S0000000346,M00046,90
S0000000347,M00061,65
S0000000348,M00076,50
S0000000349,M00091,69
S0000000350,M00106,48
S0000000001,M00010,76
S0000000002,M00022,93
S0000000003,M00034,74
S0000000004,M00047,81
S0000000005,M00062,67
S0000000006,M00077,99
S0000000007,M00092,69
S0000000008,M00107,76
S0000000009,M00122,95
S0000000010,M00010,50
S0000000011,M00022,93
S0000000012,M00034,81
S0000000013,M00047,65
S0000000014,M00062,88
S0000000015,M00077,83
S0000000016,M00092,86
S0000000017,M00107,87
S0000000018,M00122,91
S0000000019,M00010,85
S0000000020,M00022,99
S0000000021,M00034,89
S0000000022,M00047,58
S0000000023,M00062,48
S0000000024,M00077,71
S0000000025,M00092,68
S0000000026,M00107,42
S0000000027,M00122,56
S0000000028,M00010,40
S0000000029,M00022,76
S0000000030,M00034,83
S0000000031,M00047,93
S0000000032,M00062,82
S0000000033,M00077,65
S0000000034,M00092,74
S0000000035,M00107,93
S0000000036,M00122,75
S0000000037,M00010,78
S0000000038,M00022,96
S0000000039,M00034,76
S0000000040,M00047,97
S0000000041,M00062,35
S0000000042,M00077,49
S0000000043,M00092,65
S0000000044,M00107,73
S0000000045,M00122,99
S0000000046,M00010,89
S0000000047,M00022,76
S0000000048,M00034,87
S0000000049,M00047,47
S0000000050,M00062,59
S0000000051,M00077,85
S0000000052,M00092,72
S0000000053,M00107,74
S0000000054,M00122,97
S0000000055,M00010,54
S0000000056,M00022,68
S0000000057,M00034,61
S0000000058,M00047,71
S0000000059,M00062,94
S0000000060,M00077,79
S0000000061,M00092,88
S0000000062,M00107,98
S0000000063,M00122,69
S0000000064,M00010,84
S0000000065,M00022,76
S0000000066,M00034,40
S0000000067,M00047,94
S0000000068,M00062,57
S0000000069,M00077,87
S0000000070,M00092,67
S0000000071,M00107,56
S0000000072,M00122,55
S0000000073,M00010,75
S0000000074,M00022,50
S0000000075,M00034,94
S0000000076,M00047,93
S0000000077,M00062,62
S0000000078,M00077,86
S0000000079,M00092,99
S0000000080,M00107,90
S0000000081,M00122,45
S0000000082,M00010,77
S0000000083,M00022,95
S0000000084,M00034,96
S0000000085,M00047,64
S0000000086,M00062,95
S0000000087,M00077,81
S0000000088,M00092,50
S0000000089,M00107,83
S0000000090,M00122,85
S0000000091,M00010,92
S0000000092,M00022,63
S0000000093,M00034,61
S0000000094,M00047,91
S0000000095,M00062,60
S0000000096,M00077,96
S0000000097,M00092,90
S0000000098,M00107,45
S0000000099,M00122,58
S0000000100,M00010,62
S0000000101,M00022,98
S0000000102,M00034,55
S0000000103,M00047,87
S0000000104,M00062,83
S0000000105,M00077,90
S0000000106,M00092,65
S0000000107,M00107,50
S0000000108,M00122,69
S0000000109,M00010,48
S0000000110,M00022,76
S0000000111,M00034,93
S0000000112,M00047,74
S0000000113,M00062,81
S0000000114,M00077,67
S0000000115,M00092,99
S0000000116,M00107,69
S0000000117,M00122,76
S0000000118,M00010,95
S0000000119,M00022,50
S0000000120,M00034,93
S0000000121,M00047,81
S0000000122,M00062,65
S0000000123,M00077,88
S0000000124,M00092,83
S0000000125,M00107,86
S0000000126,M00122,87
S0000000127,M00010,91
S0000000128,M00022,85
S0000000129,M00034,99
S0000000130,M00047,89
S0000000131,M00062,58
S0000000132,M00077,48
S0000000133,M00092,71
S0000000134,M00107,68
S0000000135,M00122,42
S0000000136,M00010,56
S0000000137,M00022,40
S0000000138,M00034,76
S0000000139,M00047,83
S0000000140,M00062,93
S0000000141,M00077,82
S0000000142,M00092,65
S0000000143,M00107,74
S0000000144,M00122,93
S0000000145,M00010,75
S0000000146,M00022,78
S0000000147,M00034,96
S0000000148,M00047,76
S0000000149,M00062,97
S0000000150,M00077,35
S0000000151,M00092,75
S0000000152,M00107,90
S0000000153,M00122,58
S0000000154,M00010,92
S0000000155,M00022,82
S0000000156,M00034,49
S0000000157,M00047,65
S0000000158,M00062,73
S0000000159,M00077,99
S0000000160,M00092,89
S0000000161,M00107,76
S0000000162,M00122,87
S0000000163,M00010,47
S0000000164,M00022,59
S0000000165,M00034,85
S0000000166,M00047,72
S0000000167,M00062,74
S0000000168,M00077,97
S0000000169,M00092,54
S0000000170,M00107,68
S0000000171,M00122,61
S0000000172,M00010,71
S0000000173,M00022,94
S0000000174,M00034,79
S0000000175,M00047,88
S0000000176,M00062,98
S0000000177,M00077,69
S0000000178,M00092,84
S0000000179,M00107,76
S0000000180,M00122,40
S0000000181,M00010,94
S0000000182,M00022,57
S0000000183,M00034,87
S0000000184,M00047,67
S0000000185,M00062,56
S0000000186,M00077,55
S0000000187,M00092,75
S0000000188,M00107,50
S0000000189,M00122,94
S0000000190,M00010,93
S0000000191,M00022,62
S0000000192,M00034,86
S0000000193,M00047,99
S0000000194,M00062,90
S0000000195,M00077,45
S0000000196,M00092,77
S0000000197,M00107,95
S0000000198,M00122,96
S0000000199,M00010,64
S0000000200,M00022,95
S0000000201,M00034,81
S0000000202,M00047,50
S0000000203,M00062,83
S0000000204,M00077,85
S0000000205,M00092,92
S0000000206,M00107,63
S0000000207,M00122,61
S0000000208,M00010,91
S0000000209,M00022,60
S0000000210,M00034,96
S0000000211,M00047,90
S0000000212,M00062,45
S0000000213,M00077,58
S0000000214,M00092,62
S0000000215,M00107,98
S0000000216,M00122,55
S0000000217,M00010,87
S0000000218,M00022,83
S0000000219,M00034,90
S0000000220,M00047,65
S0000000221,M00062,50
S0000000222,M00077,69
S0000000223,M00092,48
S0000000224,M00107,76
S0000000225,M00122,93
S0000000226,M00010,74
S0000000227,M00022,81
S0000000228,M00034,67
S0000000229,M00047,99
S0000000230,M00062,69
S0000000231,M00077,76
S0000000232,M00092,95
S0000000233,M00107,50
S0000000234,M00122,93
S0000000235,M00010,81
S0000000236,M00022,65
S0000000237,M00034,88
S0000000238,M00047,83
S0000000239,M00062,86
S0000000240,M00077,87
S0000000241,M00092,91
S0000000242,M00107,85
S0000000243,M00122,99
S0000000244,M00010,89
S0000000245,M00022,58
S0000000246,M00034,48
S0000000247,M00047,71
S0000000248,M00062,68
S0000000249,M00077,42
S0000000250,M00092,56
S0000000251,M00107,40
S0000000252,M00122,76
S0000000253,M00010,83
S0000000254,M00022,93
S0000000255,M00034,82
S0000000256,M00047,65
S0000000257,M00062,74
S0000000258,M00077,93
S0000000259,M00092,75
S0000000260,M00107,78
S0000000261,M00122,96
S0000000262,M00010,76
S0000000263,M00022,97
S0000000264,M00034,35
S0000000265,M00047,49
S0000000266,M00062,65
S0000000267,M00077,73
S0000000268,M00092,99
S0000000269,M00107,89
S0000000270,M00122,76
S0000000271,M00010,87
S0000000272,M00022,47
S0000000273,M00034,59
S0000000274,M00047,85
S0000000275,M00062,72
S0000000276,M00077,74
S0000000277,M00092,97
S0000000278,M00107,54
S0000000279,M00122,68
S0000000280,M00010,61
S0000000281,M00022,71
S0000000282,M00034,94
S0000000283,M00047,79
S0000000284,M00062,88
S0000000285,M00077,98
S0000000286,M00092,69
S0000000287,M00107,84
S0000000288,M00122,76
S0000000289,M00010,40
S0000000290,M00022,94
S0000000291,M00034,57
S0000000292,M00047,87
S0000000293,M00062,67
S0000000294,M00077,56
S0000000295,M00092,55
S0000000296,M00107,75
S0000000297,M00122,50
S0000000298,M00010,94
S0000000299,M00022,93
S0000000300,M00034,62
S0000000301,M00047,86
S0000000302,M00062,99
S0000000303,M00077,90
S0000000304,M00092,45
S0000000305,M00107,77
S0000000306,M00122,95
S0000000307,M00010,96
S0000000308,M00022,64
S0000000309,M00034,95
S0000000310,M00047,81
S0000000311,M00062,50
S0000000312,M00077,83
S0000000313,M00092,85
S0000000314,M00107,92
S0000000315,M00122,63
S0000000316,M00010,61
S0000000317,M00022,91
S0000000318,M00034,60
S0000000319,M00047,96
S0000000320,M00062,90
S0000000321,M00077,45
S0000000322,M00092,58
S0000000323,M00107,62
S0000000324,M00122,98
S0000000325,M00010,55
S0000000326,M00022,87
S0000000327,M00034,83
S0000000328,M00047,90
S0000000329,M00062,65
S0000000330,M00077,50
S0000000331,M00092,69
S0000000332,M00107,48
S0000000333,M00122,76
S0000000334,M00010,93
S0000000335,M00022,74
S0000000336,M00034,81
S0000000337,M00047,67
S0000000338,M00062,99
S0000000339,M00077,69
S0000000340,M00092,76
S0000000341,M00107,95
S0000000342,M00122,50
S0000000343,M00010,93
S0000000344,M00022,81
S0000000345,M00034,65
S0000000346,M00047,88
S0000000347,M00062,83
S0000000348,M00077,86
S0000000349,M00092,87
S0000000350,M00107,91
